name,drug_class,cid,molecular_formula,molecular_weight,iupac_name,canonical_smiles,isomeric_smiles,xlogp,h_bond_donors,h_bond_acceptors,rotatable_bonds,tpsa,exact_mass,charge,viol_mw,viol_logp,viol_hbd,viol_hba,viol_tpsa,viol_rotbonds,ro5_violations,passes_ro5,AMES,BBB_Martins,Bioavailability_Ma,CYP2D6_Veith,CYP3A4_Veith,hERG,HIA_Hou,Caco2_Wang,Solubility_AqSolDB,DILI,Pgp_Broccatelli,BBB_Martins_drugbank_approved_percentile,hERG_drugbank_approved_percentile,mw_score,logp_score,tpsa_score,druglikeness_score
Daridorexant,DORA,91801202,C23H23ClN6O2,450.9,[(2S)-2-(5-chloro-4-methyl-1H-benzimidazol-2-yl)-2-methylpyrrolidin-1-yl]-[5-methoxy-2-(triazol-2-yl)phenyl]methanone,CC1=C(C=CC2=C1N=C(N2)C3(CCCN3C(=O)C4=C(C=CC(=C4)OC)N5N=CC=N5)C)Cl,CC1=C(C=CC2=C1N=C(N2)[C@@]3(CCCN3C(=O)C4=C(C=CC(=C4)OC)N5N=CC=N5)C)Cl,4.1,1,5,4,88.9,450.1571017,0,False,False,False,False,False,False,0,True,0.14076087,0.66875553,0.7396151,0.39509097,0.9971291,0.9060272,0.9999968,-5.054614,-5.5106683,0.9424588,0.90439856,45.90509666080844,87.27592267135326,0.5,0.5,0.7,1.7
Lemborexant,DORA,56944144,C22H20F2N4O2,410.4,"cis-(1R,2S)-2-[(2,4-dimethylpyrimidin-5-yl)oxymethyl]-2-(3-fluorophenyl)-N-(5-fluoro-2-pyridinyl)cyclopropane-1-carboxamide",CC1=NC(=NC=C1OCC2(CC2C(=O)NC3=NC=C(C=C3)F)C4=CC(=CC=C4)F)C,CC1=NC(=NC=C1OC[C@]2(C[C@H]2C(=O)NC3=NC=C(C=C3)F)C4=CC(=CC=C4)F)C,3.2,1,7,6,77.0,410.15543222,0,False,False,False,False,False,False,0,True,0.40399018,0.921039,0.9688822,0.029481169,0.8194505,0.73031473,0.9999922,-4.77964,-4.9354057,0.8734808,0.21667337,72.23198594024605,73.95430579964851,1.0,1.0,0.7,2.7
Suvorexant,DORA,24965990,C23H23ClN6O2,450.9,"[(7R)-4-(5-chloro-1,3-benzoxazol-2-yl)-7-methyl-1,4-diazepan-1-yl]-[5-methyl-2-(triazol-2-yl)phenyl]methanone",CC1CCN(CCN1C(=O)C2=C(C=CC(=C2)C)N3N=CC=N3)C4=NC5=C(O4)C=CC(=C5)Cl,C[C@@H]1CCN(CCN1C(=O)C2=C(C=CC(=C2)C)N3N=CC=N3)C4=NC5=C(O4)C=CC(=C5)Cl,4.9,0,6,3,80.3,450.1571017,0,False,False,False,False,False,False,0,True,0.04936914,0.84703016,0.7745145,0.25260517,0.9751436,0.85907376,0.9999975,-4.929731,-6.045966,0.9626998,0.8893558,62.07381370826011,83.44463971880492,0.5,0.5,0.7,1.7
Oveporexton,agonist,154617563,C23H25F5N2O4S,520.5,"N-[(2S,3R)-2-[[3-(3,5-difluorophenyl)-2-fluorophenyl]methyl]-4,4-difluoro-1-(2-hydroxy-2-methylpropanoyl)pyrrolidin-3-yl]ethanesulfonamide",CCS(=O)(=O)NC1C(N(CC1(F)F)C(=O)C(C)(C)O)CC2=C(C(=CC=C2)C3=CC(=CC(=C3)F)F)F,CCS(=O)(=O)N[C@@H]1[C@@H](N(CC1(F)F)C(=O)C(C)(C)O)CC2=C(C(=CC=C2)C3=CC(=CC(=C3)F)F)F,3.6,2,10,7,95.1,520.14551927,0,True,False,False,False,False,False,1,True,0.7130804,0.7177956,0.7341096,0.22586422,0.9570467,0.8853799,0.99773777,-4.586199,-4.7152843,0.76970565,0.89019597,49.94727592267136,85.4481546572935,0.5,1.0,0.4,1.9
similar_to_91801202_91809208,DORA_analog,91809208,C23H24Cl2N6O2,487.4,[(2S)-2-(5-chloro-4-methyl-1H-benzimidazol-2-yl)-2-methylpyrrolidin-1-yl]-[5-methoxy-2-(triazol-2-yl)phenyl]methanone;hydrochloride,CC1=C(C=CC2=C1N=C(N2)C3(CCCN3C(=O)C4=C(C=CC(=C4)OC)N5N=CC=N5)C)Cl.Cl,CC1=C(C=CC2=C1N=C(N2)[C@@]3(CCCN3C(=O)C4=C(C=CC(=C4)OC)N5N=CC=N5)C)Cl.Cl,,2,5,4,88.9,486.1337794,0,False,False,False,False,False,False,0,True,0.16420761,0.6348085,0.7024554,0.58215034,0.99689895,0.9249214,0.9999943,-5.13384,-5.154674,0.93393755,0.92612505,43.09314586994728,89.06854130052724,0.5,,0.7,1.2
similar_to_91801202_72694582,DORA_analog,72694582,C23H20ClFN6O2,466.9,[(2S)-2-(5-chloro-4-methyl-1H-benzimidazol-2-yl)-4-methylidenepyrrolidin-1-yl]-[2-fluoro-3-methoxy-6-(triazol-2-yl)phenyl]methanone,CC1=C(C=CC2=C1N=C(N2)C3CC(=C)CN3C(=O)C4=C(C=CC(=C4F)OC)N5N=CC=N5)Cl,CC1=C(C=CC2=C1N=C(N2)[C@@H]3CC(=C)CN3C(=O)C4=C(C=CC(=C4F)OC)N5N=CC=N5)Cl,3.9,1,6,4,88.9,466.1320298,0,False,False,False,False,False,False,0,True,0.10917964,0.57629704,0.8084992,0.18783525,0.9924139,0.8707558,0.99998647,-4.962815,-5.5958242,0.9621805,0.8681015,38.73462214411248,84.21792618629175,0.5,1.0,0.7,2.2
similar_to_91801202_72694992,DORA_analog,72694992,C23H19ClF4N6O2,522.9,[(2S)-2-[5-chloro-6-(trifluoromethyl)-1H-benzimidazol-2-yl]-2-methylpyrrolidin-1-yl]-[2-fluoro-3-methoxy-6-(triazol-2-yl)phenyl]methanone,CC1(CCCN1C(=O)C2=C(C=CC(=C2F)OC)N3N=CC=N3)C4=NC5=C(N4)C=C(C(=C5)Cl)C(F)(F)F,C[C@]1(CCCN1C(=O)C2=C(C=CC(=C2F)OC)N3N=CC=N3)C4=NC5=C(N4)C=C(C(=C5)Cl)C(F)(F)F,4.8,1,9,4,88.9,522.1194142,0,True,False,False,False,False,False,1,True,0.06409118,0.5503805,0.73335,0.19897561,0.9948657,0.85192746,0.99999505,-5.0167685,-5.3008103,0.95195687,0.9115017,36.62565905096661,82.95254833040423,0.5,0.5,0.7,1.7
similar_to_91801202_118126995,DORA_analog,118126995,C23H21FN6O2,432.4,[2-fluoro-3-methyl-6-(triazol-2-yl)phenyl]-[(2S)-2-(6-methoxy-1H-benzimidazol-2-yl)-4-methylidenepyrrolidin-1-yl]methanone,CC1=C(C(=C(C=C1)N2N=CC=N2)C(=O)N3CC(=C)CC3C4=NC5=C(N4)C=C(C=C5)OC)F,CC1=C(C(=C(C=C1)N2N=CC=N2)C(=O)N3CC(=C)C[C@H]3C4=NC5=C(N4)C=C(C=C5)OC)F,3.2,1,6,4,88.9,432.1710021,0,False,False,False,False,False,False,0,True,0.1261508,0.5757491,0.85114974,0.12198658,0.9861983,0.86776704,0.99996775,-5.0097,-5.263209,0.9620844,0.7390864,38.59402460456943,84.04217926186293,1.0,1.0,0.7,2.7
similar_to_91801202_118127015,DORA_analog,118127015,C28H27ClFN3O3,508.0,[(2S)-2-(5-chloro-4-methyl-1H-benzimidazol-2-yl)-2-methylpyrrolidin-1-yl]-[2-fluoro-3-methoxy-6-(3-methoxyphenyl)phenyl]methanone,CC1=C(C=CC2=C1N=C(N2)C3(CCCN3C(=O)C4=C(C=CC(=C4F)OC)C5=CC(=CC=C5)OC)C)Cl,CC1=C(C=CC2=C1N=C(N2)[C@@]3(CCCN3C(=O)C4=C(C=CC(=C4F)OC)C5=CC(=CC=C5)OC)C)Cl,5.9,1,5,5,67.5,507.1724976,0,True,True,False,False,False,False,2,False,0.19410616,0.72821444,0.71223134,0.17861956,0.99050987,0.9019836,0.99999917,-4.966404,-6.1852555,0.93560714,0.9727253,50.790861159929705,86.88927943760984,0.5,0.0,1.0,1.5
similar_to_91801202_118127019,DORA_analog,118127019,C23H22ClFN6O3,484.9,"[(2S,4R)-2-(5-chloro-4-methyl-1H-benzimidazol-2-yl)-4-methoxypyrrolidin-1-yl]-[2-fluoro-3-methoxy-6-(triazol-2-yl)phenyl]methanone",CC1=C(C=CC2=C1N=C(N2)C3CC(CN3C(=O)C4=C(C=CC(=C4F)OC)N5N=CC=N5)OC)Cl,CC1=C(C=CC2=C1N=C(N2)[C@@H]3C[C@H](CN3C(=O)C4=C(C=CC(=C4F)OC)N5N=CC=N5)OC)Cl,3.6,1,7,5,98.2,484.1425944,0,False,False,False,False,False,False,0,True,0.15171048,0.5323742,0.8446072,0.119080685,0.99247235,0.88130474,0.99998856,-4.9776874,-5.381981,0.97430885,0.89741355,35.21968365553603,85.27240773286468,0.5,1.0,0.4,1.9
similar_to_91801202_118127025,DORA_analog,118127025,C24H25FN6O4,480.5,"[(2S,3S)-2-(5,6-dimethoxy-1H-benzimidazol-2-yl)-3-methylpyrrolidin-1-yl]-[2-fluoro-3-methoxy-6-(triazol-2-yl)phenyl]methanone",CC1CCN(C1C2=NC3=CC(=C(C=C3N2)OC)OC)C(=O)C4=C(C=CC(=C4F)OC)N5N=CC=N5,C[C@H]1CCN([C@@H]1C2=NC3=CC(=C(C=C3N2)OC)OC)C(=O)C4=C(C=CC(=C4F)OC)N5N=CC=N5,3.4,1,8,6,107.0,480.19213146,0,False,False,False,False,False,False,0,True,0.109417036,0.44579047,0.8867094,0.030997882,0.98791647,0.848909,0.9999925,-5.0756655,-5.1269274,0.97555494,0.7973395,28.752196836555363,82.7768014059754,0.5,1.0,0.4,1.9
similar_to_91801202_118127048,DORA_analog,118127048,C24H22ClF3N6O3,534.9,[(4R)-2-(5-chloro-4-methyl-1H-benzimidazol-2-yl)-4-methoxy-2-methylpyrrolidin-1-yl]-[2-(triazol-2-yl)-5-(trifluoromethoxy)phenyl]methanone,CC1=C(C=CC2=C1N=C(N2)C3(CC(CN3C(=O)C4=C(C=CC(=C4)OC(F)(F)F)N5N=CC=N5)OC)C)Cl,CC1=C(C=CC2=C1N=C(N2)C3(C[C@H](CN3C(=O)C4=C(C=CC(=C4)OC(F)(F)F)N5N=CC=N5)OC)C)Cl,4.9,1,9,5,98.2,534.1394008,0,True,False,False,False,False,False,1,True,0.06254027,0.5312826,0.76893216,0.23098333,0.99397504,0.8817099,0.9999922,-5.0142074,-5.7268553,0.9711133,0.9324772,35.18453427065027,85.27240773286468,0.5,0.5,0.4,1.4
similar_to_91801202_118127060,DORA_analog,118127060,C24H25FN6O4,480.5,"[(2S)-2-(5,6-dimethoxy-1H-benzimidazol-2-yl)-2-methylpyrrolidin-1-yl]-[2-fluoro-3-methoxy-6-(triazol-2-yl)phenyl]methanone",CC1(CCCN1C(=O)C2=C(C=CC(=C2F)OC)N3N=CC=N3)C4=NC5=CC(=C(C=C5N4)OC)OC,C[C@]1(CCCN1C(=O)C2=C(C=CC(=C2F)OC)N3N=CC=N3)C4=NC5=CC(=C(C=C5N4)OC)OC,3.2,1,8,6,107.0,480.19213146,0,False,False,False,False,False,False,0,True,0.09151298,0.5119932,0.8403099,0.035924584,0.9902399,0.80185413,0.99999636,-5.122323,-4.686216,0.9572574,0.7501589,33.602811950790866,79.08611599297014,0.5,1.0,0.4,1.9
similar_to_91801202_118127072,DORA_analog,118127072,C24H20ClF3N6O3,532.9,"[(2S)-2-[5-chloro-6-(trifluoromethyl)-1H-benzimidazol-2-yl]-4-methylidenepyrrolidin-1-yl]-[4,5-dimethoxy-2-(triazol-2-yl)phenyl]methanone",COC1=C(C=C(C(=C1)C(=O)N2CC(=C)CC2C3=NC4=C(N3)C=C(C(=C4)Cl)C(F)(F)F)N5N=CC=N5)OC,COC1=C(C=C(C(=C1)C(=O)N2CC(=C)C[C@H]2C3=NC4=C(N3)C=C(C(=C4)Cl)C(F)(F)F)N5N=CC=N5)OC,4.2,1,9,5,98.2,532.1237507,0,True,False,False,False,False,False,1,True,0.068781875,0.4074196,0.891826,0.053815346,0.98051864,0.8585148,0.99993,-5.0677595,-5.413438,0.97580624,0.84815156,26.256590509666083,83.40949033391917,0.5,0.5,0.4,1.4
similar_to_91801202_118127141,DORA_analog,118127141,C21H19FN6O2,406.4,[5-fluoro-2-(triazol-2-yl)phenyl]-[(2S)-2-(6-methoxy-1H-benzimidazol-2-yl)pyrrolidin-1-yl]methanone,COC1=CC2=C(C=C1)N=C(N2)C3CCCN3C(=O)C4=C(C=CC(=C4)F)N5N=CC=N5,COC1=CC2=C(C=C1)N=C(N2)[C@@H]3CCCN3C(=O)C4=C(C=CC(=C4)F)N5N=CC=N5,3.1,1,6,4,88.9,406.15535203,0,False,False,False,False,False,False,0,True,0.25498402,0.6549658,0.85011786,0.15970139,0.9852978,0.8317364,0.99999064,-5.0060973,-4.897214,0.9671515,0.6199442,44.53427065026362,81.54657293497364,1.0,1.0,0.7,2.7
similar_to_91801202_118127205,DORA_analog,118127205,C22H21FN6O3,436.4,"[5-fluoro-2-(triazol-2-yl)phenyl]-[(2S,4R)-4-methoxy-2-(6-methoxy-1H-benzimidazol-2-yl)pyrrolidin-1-yl]methanone",COC1CC(N(C1)C(=O)C2=C(C=CC(=C2)F)N3N=CC=N3)C4=NC5=C(N4)C=C(C=C5)OC,CO[C@@H]1C[C@H](N(C1)C(=O)C2=C(C=CC(=C2)F)N3N=CC=N3)C4=NC5=C(N4)C=C(C=C5)OC,2.6,1,7,5,98.2,436.16591672,0,False,False,False,False,False,False,0,True,0.2965997,0.56074536,0.8884174,0.08353408,0.981928,0.8512384,0.99997556,-5.0665755,-4.726116,0.975095,0.63459164,37.50439367311073,82.91739894551846,1.0,1.0,0.4,2.4
similar_to_91801202_118127222,DORA_analog,118127222,C22H19FN6O2,418.4,[2-fluoro-6-(triazol-2-yl)phenyl]-[(2S)-2-(6-methoxy-1H-benzimidazol-2-yl)-4-methylidenepyrrolidin-1-yl]methanone,COC1=CC2=C(C=C1)N=C(N2)C3CC(=C)CN3C(=O)C4=C(C=CC=C4F)N5N=CC=N5,COC1=CC2=C(C=C1)N=C(N2)[C@@H]3CC(=C)CN3C(=O)C4=C(C=CC=C4F)N5N=CC=N5,2.9,1,6,4,88.9,418.15535203,0,False,False,False,False,False,False,0,True,0.14725864,0.6198929,0.8416346,0.113021865,0.98103726,0.8310768,0.99997836,-5.0425653,-4.9994726,0.9588272,0.60829926,41.82776801405976,81.47627416520211,1.0,1.0,0.7,2.7
similar_to_91801202_118127228,DORA_analog,118127228,C24H23F3N6O4,516.5,"[(2S)-2-(5,6-dimethoxy-1H-benzimidazol-2-yl)-2-methylpyrrolidin-1-yl]-[2-(triazol-2-yl)-5-(trifluoromethoxy)phenyl]methanone",CC1(CCCN1C(=O)C2=C(C=CC(=C2)OC(F)(F)F)N3N=CC=N3)C4=NC5=CC(=C(C=C5N4)OC)OC,C[C@]1(CCCN1C(=O)C2=C(C=CC(=C2)OC(F)(F)F)N3N=CC=N3)C4=NC5=CC(=C(C=C5N4)OC)OC,4.3,1,10,6,107.0,516.17328772,0,True,False,False,False,False,False,1,True,0.07862584,0.49841446,0.83860266,0.057002537,0.9906772,0.82052577,0.99999297,-5.040346,-5.314592,0.96934736,0.83313024,32.86467486818981,80.63268892794378,0.5,0.5,0.4,1.4
similar_to_91801202_118127252,DORA_analog,118127252,C22H20ClFN6O,438.9,[(2S)-2-(5-chloro-4-methyl-1H-benzimidazol-2-yl)-2-methylpyrrolidin-1-yl]-[5-fluoro-2-(triazol-2-yl)phenyl]methanone,CC1=C(C=CC2=C1N=C(N2)C3(CCCN3C(=O)C4=C(C=CC(=C4)F)N5N=CC=N5)C)Cl,CC1=C(C=CC2=C1N=C(N2)[C@@]3(CCCN3C(=O)C4=C(C=CC(=C4)F)N5N=CC=N5)C)Cl,4.3,1,5,3,79.7,438.1371151,0,False,False,False,False,False,False,0,True,0.1298819,0.7184912,0.7119514,0.46974915,0.9939829,0.8801435,0.9999936,-4.918323,-5.4453154,0.930642,0.87596786,50.12302284710018,85.20210896309315,1.0,0.5,0.7,2.2
similar_to_91801202_118127278,DORA_analog,118127278,C24H23FN6O2,446.5,"[(2S)-2-(5,6-dimethyl-1H-benzimidazol-2-yl)-4-methylidenepyrrolidin-1-yl]-[2-fluoro-3-methoxy-6-(triazol-2-yl)phenyl]methanone",CC1=CC2=C(C=C1C)N=C(N2)C3CC(=C)CN3C(=O)C4=C(C=CC(=C4F)OC)N5N=CC=N5,CC1=CC2=C(C=C1C)N=C(N2)[C@@H]3CC(=C)CN3C(=O)C4=C(C=CC(=C4F)OC)N5N=CC=N5,3.6,1,6,4,88.9,446.18665216,0,False,False,False,False,False,False,0,True,0.12835678,0.6154321,0.8701066,0.08706077,0.98899,0.867864,0.99998474,-5.1216116,-5.0858765,0.9601213,0.7879661,41.37082601054482,84.04217926186293,1.0,1.0,0.7,2.7
similar_to_91801202_118127316,DORA_analog,118127316,C23H23FN6O3,450.5,"[(2S)-2-(5,6-dimethoxy-1H-benzimidazol-2-yl)-2-methylpyrrolidin-1-yl]-[2-fluoro-6-(triazol-2-yl)phenyl]methanone",CC1(CCCN1C(=O)C2=C(C=CC=C2F)N3N=CC=N3)C4=NC5=CC(=C(C=C5N4)OC)OC,C[C@]1(CCCN1C(=O)C2=C(C=CC=C2F)N3N=CC=N3)C4=NC5=CC(=C(C=C5N4)OC)OC,3.2,1,7,5,98.2,450.18156678,0,False,False,False,False,False,False,0,True,0.09980279,0.59510165,0.8211824,0.058443945,0.9851546,0.78459626,0.9999941,-5.094432,-4.737834,0.94572335,0.6856086,39.82425307557118,77.89103690685414,0.5,1.0,0.4,1.9
similar_to_91801202_118127332,DORA_analog,118127332,C22H21FN6O2S,452.5,[2-fluoro-3-methoxy-6-(triazol-2-yl)phenyl]-[(2S)-2-(4-methylsulfanyl-1H-benzimidazol-2-yl)pyrrolidin-1-yl]methanone,COC1=C(C(=C(C=C1)N2N=CC=N2)C(=O)N3CCCC3C4=NC5=C(N4)C=CC=C5SC)F,COC1=C(C(=C(C=C1)N2N=CC=N2)C(=O)N3CCC[C@H]3C4=NC5=C(N4)C=CC=C5SC)F,3.6,1,7,5,114.0,452.14307327,0,False,False,False,False,False,False,0,True,0.13244048,0.63119674,0.7892125,0.21407107,0.992221,0.8424854,0.99999523,-4.9338074,-5.3639975,0.95767677,0.8328654,42.63620386643234,82.2847100175747,0.5,1.0,0.4,1.9
similar_to_91801202_118127349,DORA_analog,118127349,C22H21FN6O2,420.4,[2-fluoro-3-methyl-6-(triazol-2-yl)phenyl]-[(2S)-2-(6-methoxy-1H-benzimidazol-2-yl)pyrrolidin-1-yl]methanone,CC1=C(C(=C(C=C1)N2N=CC=N2)C(=O)N3CCCC3C4=NC5=C(N4)C=C(C=C5)OC)F,CC1=C(C(=C(C=C1)N2N=CC=N2)C(=O)N3CCC[C@H]3C4=NC5=C(N4)C=C(C=C5)OC)F,3.4,1,6,4,88.9,420.1710021,0,False,False,False,False,False,False,0,True,0.16182248,0.63148916,0.84656775,0.151423,0.98913896,0.85527974,0.9999917,-5.004867,-5.256278,0.9664196,0.7524196,42.6713532513181,83.23374340949034,1.0,1.0,0.7,2.7
similar_to_56944144_56944522,DORA_analog,56944522,C23H23FN4O3,422.5,"cis-(1R,2S)-N-(5-fluoro-2-pyridinyl)-2-[[4-(methoxymethyl)-2-methylpyrimidin-5-yl]oxymethyl]-2-phenylcyclopropane-1-carboxamide",CC1=NC=C(C(=N1)COC)OCC2(CC2C(=O)NC3=NC=C(C=C3)F)C4=CC=CC=C4,CC1=NC=C(C(=N1)COC)OC[C@]2(C[C@H]2C(=O)NC3=NC=C(C=C3)F)C4=CC=CC=C4,2.4,1,7,8,86.2,422.17541877,0,False,False,False,False,False,False,0,True,0.27624482,0.87069476,0.96111375,0.012732247,0.7659947,0.63635385,0.99997646,-4.8956504,-4.5477805,0.9100188,0.23138316,64.49912126537787,69.3145869947276,1.0,1.0,0.7,2.7
similar_to_56944144_56944620,DORA_analog,56944620,C23H22F2N4O3,440.4,"cis-(1R,2S)-2-(3-fluorophenyl)-N-(5-fluoro-2-pyridinyl)-2-[[4-(methoxymethyl)-2-methylpyrimidin-5-yl]oxymethyl]cyclopropane-1-carboxamide",CC1=NC=C(C(=N1)COC)OCC2(CC2C(=O)NC3=NC=C(C=C3)F)C4=CC(=CC=C4)F,CC1=NC=C(C(=N1)COC)OC[C@]2(C[C@H]2C(=O)NC3=NC=C(C=C3)F)C4=CC(=CC=C4)F,2.5,1,8,8,86.2,440.1659969,0,False,False,False,False,False,False,0,True,0.28542188,0.8785284,0.96105224,0.01569818,0.8556879,0.6865264,0.99998456,-4.8056393,-4.693141,0.9098511,0.2638902,65.69420035149385,71.42355008787347,1.0,1.0,0.7,2.7
similar_to_56944144_56943752,DORA_analog,56943752,C23H22F2N4O3,440.4,"cis-(1R,2S)-2-[(2,4-dimethylpyrimidin-5-yl)oxymethyl]-2-(3-fluoro-4-methoxyphenyl)-N-(5-fluoro-2-pyridinyl)cyclopropane-1-carboxamide",CC1=NC(=NC=C1OCC2(CC2C(=O)NC3=NC=C(C=C3)F)C4=CC(=C(C=C4)OC)F)C,CC1=NC(=NC=C1OC[C@]2(C[C@H]2C(=O)NC3=NC=C(C=C3)F)C4=CC(=C(C=C4)OC)F)C,3.1,1,8,7,86.2,440.1659969,0,False,False,False,False,False,False,0,True,0.38134348,0.85284805,0.97269046,0.015488302,0.88552064,0.75106347,0.9999859,-4.790386,-4.94119,0.89554465,0.25276002,62.425307557117755,75.60632688927944,1.0,1.0,0.7,2.7
similar_to_56944144_56944043,DORA_analog,56944043,C23H22F2N4O2,424.4,"cis-(1R,2S)-2-[(2,4-dimethylpyrimidin-5-yl)oxymethyl]-N-(5-fluoro-4-methyl-2-pyridinyl)-2-(3-fluorophenyl)cyclopropane-1-carboxamide",CC1=CC(=NC=C1F)NC(=O)C2CC2(COC3=CN=C(N=C3C)C)C4=CC(=CC=C4)F,CC1=CC(=NC=C1F)NC(=O)[C@@H]2C[C@@]2(COC3=CN=C(N=C3C)C)C4=CC(=CC=C4)F,3.5,1,7,6,77.0,424.17108228,0,False,False,False,False,False,False,0,True,0.39147744,0.92684877,0.9716018,0.024371201,0.83219033,0.7588431,0.99999607,-4.8052073,-5.457322,0.88763696,0.2948598,73.1810193321617,75.95782073813709,1.0,1.0,0.7,2.7
similar_to_56944144_56944044,DORA_analog,56944044,C22H21FN4O2,392.4,"cis-(1R,2S)-2-[(2,4-dimethylpyrimidin-5-yl)oxymethyl]-N-(5-fluoro-2-pyridinyl)-2-phenylcyclopropane-1-carboxamide",CC1=NC(=NC=C1OCC2(CC2C(=O)NC3=NC=C(C=C3)F)C4=CC=CC=C4)C,CC1=NC(=NC=C1OC[C@]2(C[C@H]2C(=O)NC3=NC=C(C=C3)F)C4=CC=CC=C4)C,3.1,1,6,6,77.0,392.16485409,0,False,False,False,False,False,False,0,True,0.3902731,0.9170904,0.9685048,0.023142967,0.70689857,0.68129647,0.9999868,-4.861341,-4.7928123,0.8709692,0.18902239,71.45869947275924,71.14235500878735,1.0,1.0,0.7,2.7
similar_to_56944144_56944045,DORA_analog,56944045,C22H21ClN4O2,408.9,"cis-(1R,2S)-N-(5-chloro-2-pyridinyl)-2-[(2,4-dimethylpyrimidin-5-yl)oxymethyl]-2-phenylcyclopropane-1-carboxamide",CC1=NC(=NC=C1OCC2(CC2C(=O)NC3=NC=C(C=C3)Cl)C4=CC=CC=C4)C,CC1=NC(=NC=C1OC[C@]2(C[C@H]2C(=O)NC3=NC=C(C=C3)Cl)C4=CC=CC=C4)C,3.6,1,5,6,77.0,408.1353036,0,False,False,False,False,False,False,0,True,0.32621384,0.92342806,0.96264523,0.054615606,0.82910395,0.76505435,0.9999868,-4.9859633,-5.1146746,0.8794836,0.28750414,72.58347978910369,76.27416520210897,1.0,1.0,0.7,2.7
similar_to_56944144_56944143,DORA_analog,56944143,C23H22F2N4O3,440.4,"cis-(1R,2S)-2-[(2,4-dimethylpyrimidin-5-yl)oxymethyl]-N-(5-fluoro-4-methoxy-2-pyridinyl)-2-(3-fluorophenyl)cyclopropane-1-carboxamide",CC1=NC(=NC=C1OCC2(CC2C(=O)NC3=NC=C(C(=C3)OC)F)C4=CC(=CC=C4)F)C,CC1=NC(=NC=C1OC[C@]2(C[C@H]2C(=O)NC3=NC=C(C(=C3)OC)F)C4=CC(=CC=C4)F)C,3.1,1,8,7,86.2,440.1659969,0,False,False,False,False,False,False,0,True,0.4115924,0.90400755,0.9747249,0.016926628,0.85801,0.7580627,0.99999607,-4.7902884,-5.218576,0.91326654,0.26696974,69.45518453427066,75.92267135325133,1.0,1.0,0.7,2.7
similar_to_56944144_56944244,DORA_analog,56944244,C23H20FN5O2,417.4,"cis-(1R,2S)-N-(5-cyano-2-pyridinyl)-2-[(2,4-dimethylpyrimidin-5-yl)oxymethyl]-2-(3-fluorophenyl)cyclopropane-1-carboxamide",CC1=NC(=NC=C1OCC2(CC2C(=O)NC3=NC=C(C=C3)C#N)C4=CC(=CC=C4)F)C,CC1=NC(=NC=C1OC[C@]2(C[C@H]2C(=O)NC3=NC=C(C=C3)C#N)C4=CC(=CC=C4)F)C,2.8,1,7,6,101.0,417.16010306,0,False,False,False,False,False,False,0,True,0.39243647,0.7321538,0.9583648,0.010007335,0.7700371,0.657571,0.99989,-4.818458,-5.3476667,0.9409579,0.31948662,51.21265377855888,70.40421792618629,1.0,1.0,0.4,2.4
similar_to_56944144_56944245,DORA_analog,56944245,C22H20F2N4O2,410.4,"cis-(1R,2S)-2-[(2,4-dimethylpyrimidin-5-yl)oxymethyl]-2-(4-fluorophenyl)-N-(5-fluoro-2-pyridinyl)cyclopropane-1-carboxamide",CC1=NC(=NC=C1OCC2(CC2C(=O)NC3=NC=C(C=C3)F)C4=CC=C(C=C4)F)C,CC1=NC(=NC=C1OC[C@]2(C[C@H]2C(=O)NC3=NC=C(C=C3)F)C4=CC=C(C=C4)F)C,3.2,1,7,6,77.0,410.15543222,0,False,False,False,False,False,False,0,True,0.4002258,0.88985884,0.97050416,0.019995686,0.73135525,0.6910223,0.999976,-4.7840605,-5.0558143,0.88266134,0.22242148,67.20562390158173,71.52899824253076,1.0,1.0,0.7,2.7
similar_to_56944144_56944337,DORA_analog,56944337,C24H23N5O2,413.5,"cis-(1R,2S)-N-(5-cyano-2-pyridinyl)-2-[(4-ethyl-2-methylpyrimidin-5-yl)oxymethyl]-2-phenylcyclopropane-1-carboxamide",CCC1=NC(=NC=C1OCC2(CC2C(=O)NC3=NC=C(C=C3)C#N)C4=CC=CC=C4)C,CCC1=NC(=NC=C1OC[C@]2(C[C@H]2C(=O)NC3=NC=C(C=C3)C#N)C4=CC=CC=C4)C,3.1,1,6,7,101.0,413.18517499,0,False,False,False,False,False,False,0,True,0.29891983,0.6795627,0.9455239,0.011136101,0.7480259,0.62158513,0.9998293,-4.8908186,-5.5038843,0.9447222,0.4499646,46.60808435852373,68.47100175746925,1.0,1.0,0.4,2.4
similar_to_56944144_56944429,DORA_analog,56944429,C22H19F3N4O2,428.4,"cis-(1R,2S)-2-(3,5-difluorophenyl)-2-[(2,4-dimethylpyrimidin-5-yl)oxymethyl]-N-(5-fluoro-2-pyridinyl)cyclopropane-1-carboxamide",CC1=NC(=NC=C1OCC2(CC2C(=O)NC3=NC=C(C=C3)F)C4=CC(=CC(=C4)F)F)C,CC1=NC(=NC=C1OC[C@]2(C[C@H]2C(=O)NC3=NC=C(C=C3)F)C4=CC(=CC(=C4)F)F)C,3.3,1,8,6,77.0,428.14601035,0,False,False,False,False,False,False,0,True,0.39415485,0.90176934,0.9693867,0.019328035,0.78631055,0.69781184,0.99998474,-4.671785,-5.1095147,0.87576693,0.19988881,68.92794376098419,71.84534270650265,1.0,1.0,0.7,2.7
similar_to_56944144_56944521,DORA_analog,56944521,C24H23N5O3,429.5,"cis-(1R,2S)-N-(5-cyano-2-pyridinyl)-2-[[4-(methoxymethyl)-2-methylpyrimidin-5-yl]oxymethyl]-2-phenylcyclopropane-1-carboxamide",CC1=NC=C(C(=N1)COC)OCC2(CC2C(=O)NC3=NC=C(C=C3)C#N)C4=CC=CC=C4,CC1=NC=C(C(=N1)COC)OC[C@]2(C[C@H]2C(=O)NC3=NC=C(C=C3)C#N)C4=CC=CC=C4,2.0,1,7,8,110.0,429.18008961,0,False,False,False,False,False,False,0,True,0.28728023,0.6313019,0.9513648,0.0058781095,0.7289394,0.57381725,0.999759,-4.9659214,-4.94634,0.95968187,0.33530158,42.63620386643234,66.50263620386644,1.0,1.0,0.4,2.4
similar_to_56944144_67281908,DORA_analog,67281908,C23H23FN4O3,422.5,"cis-(1R,2S)-2-[(2,4-dimethylpyrimidin-5-yl)oxymethyl]-N-(5-fluoro-4-methoxy-2-pyridinyl)-2-phenylcyclopropane-1-carboxamide",CC1=NC(=NC=C1OCC2(CC2C(=O)NC3=NC=C(C(=C3)OC)F)C4=CC=CC=C4)C,CC1=NC(=NC=C1OC[C@]2(C[C@H]2C(=O)NC3=NC=C(C(=C3)OC)F)C4=CC=CC=C4)C,3.0,1,7,7,86.2,422.17541877,0,False,False,False,False,False,False,0,True,0.405264,0.90189755,0.974326,0.013778409,0.7768093,0.71977043,0.99999297,-4.868087,-5.0556097,0.9118079,0.24271354,68.92794376098419,73.49736379613357,1.0,1.0,0.7,2.7
similar_to_56944144_67282493,DORA_analog,67282493,C23H22F2N4O3,440.4,"cis-(1R,2S)-2-[(2,4-dimethylpyrimidin-5-yl)oxymethyl]-N-(5-fluoro-6-methoxy-2-pyridinyl)-2-(3-fluorophenyl)cyclopropane-1-carboxamide",CC1=NC(=NC=C1OCC2(CC2C(=O)NC3=NC(=C(C=C3)F)OC)C4=CC(=CC=C4)F)C,CC1=NC(=NC=C1OC[C@]2(C[C@H]2C(=O)NC3=NC(=C(C=C3)F)OC)C4=CC(=CC=C4)F)C,3.5,1,8,7,86.2,440.1659969,0,False,False,False,False,False,False,0,True,0.5019413,0.92469656,0.9633554,0.024929956,0.9151659,0.8023841,0.9999976,-4.757566,-5.3305864,0.91084874,0.38612625,72.72407732864676,79.19156414762742,1.0,1.0,0.7,2.7
similar_to_56944144_67282848,DORA_analog,67282848,C22H19F3N4O2,428.4,"cis-(1R,2S)-2-(3,4-difluorophenyl)-2-[(2,4-dimethylpyrimidin-5-yl)oxymethyl]-N-(5-fluoro-2-pyridinyl)cyclopropane-1-carboxamide",CC1=NC(=NC=C1OCC2(CC2C(=O)NC3=NC=C(C=C3)F)C4=CC(=C(C=C4)F)F)C,CC1=NC(=NC=C1OC[C@]2(C[C@H]2C(=O)NC3=NC=C(C=C3)F)C4=CC(=C(C=C4)F)F)C,3.3,1,8,6,77.0,428.14601035,0,False,False,False,False,False,False,0,True,0.40175715,0.90089494,0.9683503,0.029713502,0.82464105,0.7288011,0.9999841,-4.6870995,-5.03164,0.880528,0.2486585,68.78734622144113,73.91915641476275,1.0,1.0,0.7,2.7
similar_to_56944144_67283149,DORA_analog,67283149,C23H23FN4O2,406.5,"cis-(1R,2S)-2-[(2,4-dimethylpyrimidin-5-yl)oxymethyl]-N-(5-fluoro-4-methyl-2-pyridinyl)-2-phenylcyclopropane-1-carboxamide",CC1=CC(=NC=C1F)NC(=O)C2CC2(COC3=CN=C(N=C3C)C)C4=CC=CC=C4,CC1=CC(=NC=C1F)NC(=O)[C@@H]2C[C@@]2(COC3=CN=C(N=C3C)C)C4=CC=CC=C4,3.4,1,6,6,77.0,406.18050415,0,False,False,False,False,False,False,0,True,0.37843046,0.9262751,0.9711205,0.020247383,0.72456735,0.7111413,0.9999933,-4.873868,-5.3212767,0.8845266,0.26273644,73.00527240773287,72.72407732864676,1.0,1.0,0.7,2.7
similar_to_56944144_67473922,DORA_analog,67473922,C23H24N4O2,388.5,"cis-(1R,2S)-2-[(2,4-dimethylpyrimidin-5-yl)oxymethyl]-N-(4-methyl-2-pyridinyl)-2-phenylcyclopropane-1-carboxamide",CC1=CC(=NC=C1)NC(=O)C2CC2(COC3=CN=C(N=C3C)C)C4=CC=CC=C4,CC1=CC(=NC=C1)NC(=O)[C@@H]2C[C@@]2(COC3=CN=C(N=C3C)C)C4=CC=CC=C4,3.3,1,5,6,77.0,388.18992602,0,False,False,False,False,False,False,0,True,0.32518962,0.910113,0.96689796,0.03303322,0.78901565,0.7297834,0.9999932,-4.93772,-4.8501415,0.85206205,0.24723692,70.43936731107206,73.95430579964851,1.0,1.0,0.7,2.7
similar_to_56944144_67473934,DORA_analog,67473934,C22H22N4O2,374.4,"cis-(1R,2S)-2-[(2,4-dimethylpyrimidin-5-yl)oxymethyl]-2-phenyl-N-pyridin-2-ylcyclopropane-1-carboxamide",CC1=NC(=NC=C1OCC2(CC2C(=O)NC3=CC=CC=N3)C4=CC=CC=C4)C,CC1=NC(=NC=C1OC[C@]2(C[C@H]2C(=O)NC3=CC=CC=N3)C4=CC=CC=C4)C,3.0,1,5,6,77.0,374.17427596,0,False,False,False,False,False,False,0,True,0.3993398,0.9135849,0.9648293,0.024552446,0.63678974,0.6514036,0.99998176,-4.915113,-4.390625,0.8354847,0.16571705,70.93145869947277,70.08787346221442,1.0,1.0,0.7,2.7
similar_to_56944144_67473935,DORA_analog,67473935,C22H22N4O2,374.4,"cis-(1R,2S)-2-[(2,4-dimethylpyrimidin-5-yl)oxymethyl]-2-phenyl-N-pyridin-3-ylcyclopropane-1-carboxamide",CC1=NC(=NC=C1OCC2(CC2C(=O)NC3=CN=CC=C3)C4=CC=CC=C4)C,CC1=NC(=NC=C1OC[C@]2(C[C@H]2C(=O)NC3=CN=CC=C3)C4=CC=CC=C4)C,2.6,1,5,6,77.0,374.17427596,0,False,False,False,False,False,False,0,True,0.2004756,0.8646248,0.9429506,0.04975164,0.9435881,0.73580396,0.99999774,-5.005016,-4.1609216,0.80885875,0.18080468,63.58523725834799,74.44639718804922,1.0,1.0,0.7,2.7
similar_to_24965990_122438723,DORA_analog,122438723,C21H19FN6O2,406.4,"N-[(1S,2S)-2-[(5-fluoro-1,3-benzoxazol-2-yl)amino]cyclopentyl]-2-(triazol-2-yl)benzamide",C1CC(C(C1)NC(=O)C2=CC=CC=C2N3N=CC=N3)NC4=NC5=C(O4)C=CC(=C5)F,C1C[C@@H]([C@H](C1)NC(=O)C2=CC=CC=C2N3N=CC=N3)NC4=NC5=C(O4)C=CC(=C5)F,4.1,2,7,5,97.9,406.15535203,0,False,False,False,False,False,False,0,True,0.5524162,0.7707038,0.7861475,0.66113603,0.99076384,0.9218558,0.9999919,-4.8974285,-5.509074,0.9300946,0.77875876,54.44639718804921,88.75219683655537,1.0,0.5,0.4,1.9
similar_to_24965990_25204740,DORA_analog,25204740,C22H24N6O2,404.5,"N-[2-[1,3-benzoxazol-2-yl(methyl)amino]ethyl]-N-ethyl-5-methyl-2-(triazol-2-yl)benzamide",CCN(CCN(C)C1=NC2=CC=CC=C2O1)C(=O)C3=C(C=CC(=C3)C)N4N=CC=N4,CCN(CCN(C)C1=NC2=CC=CC=C2O1)C(=O)C3=C(C=CC(=C3)C)N4N=CC=N4,4.1,0,6,7,80.3,404.19607403,0,False,False,False,False,False,False,0,True,0.23758717,0.8884222,0.7068004,0.80246603,0.9884078,0.92484474,0.9999973,-4.879166,-5.2866507,0.8642923,0.7664302,67.02987697715291,89.06854130052724,1.0,0.5,0.7,2.2
similar_to_24965990_46868791,DORA_analog,46868791,C23H24N6O2,416.5,"[(7R)-4-(1,3-benzoxazol-2-yl)-7-methyl-1,4-diazepan-1-yl]-[5-methyl-2-(triazol-2-yl)phenyl]methanone",CC1CCN(CCN1C(=O)C2=C(C=CC(=C2)C)N3N=CC=N3)C4=NC5=CC=CC=C5O4,C[C@@H]1CCN(CCN1C(=O)C2=C(C=CC(=C2)C)N3N=CC=N3)C4=NC5=CC=CC=C5O4,4.3,0,6,3,80.3,416.19607403,0,False,False,False,False,False,False,0,True,0.06460638,0.8843973,0.7901144,0.19180049,0.9757393,0.84646875,0.9999983,-4.8886023,-5.642645,0.9518763,0.84185773,66.57293497363797,82.60105448154658,1.0,0.5,0.7,2.2
similar_to_24965990_57505028,DORA_analog,57505028,C23H23ClN6O2,450.9,"[4-(5-chloro-1,3-benzoxazol-2-yl)-7-methyl-1,4-diazepan-1-yl]-[5-methyl-2-(triazol-2-yl)phenyl]methanone",CC1CCN(CCN1C(=O)C2=C(C=CC(=C2)C)N3N=CC=N3)C4=NC5=C(O4)C=CC(=C5)Cl,CC1CCN(CCN1C(=O)C2=C(C=CC(=C2)C)N3N=CC=N3)C4=NC5=C(O4)C=CC(=C5)Cl,4.9,0,6,3,80.3,450.1571017,0,False,False,False,False,False,False,0,True,0.023892464,0.8500489,0.75673217,0.25273743,0.9705081,0.83917016,0.99999875,-4.9338007,-6.027742,0.9661212,0.88249815,62.284710017574696,82.07381370826012,0.5,0.5,0.7,1.7
similar_to_24965990_118025611,DORA_analog,118025611,C21H20N6O2,388.4,"N-[(1S,2S)-2-(1,3-benzoxazol-2-ylamino)cyclopentyl]-2-(triazol-2-yl)benzamide",C1CC(C(C1)NC(=O)C2=CC=CC=C2N3N=CC=N3)NC4=NC5=CC=CC=C5O4,C1C[C@@H]([C@H](C1)NC(=O)C2=CC=CC=C2N3N=CC=N3)NC4=NC5=CC=CC=C5O4,4.0,2,6,5,97.9,388.1647739,0,False,False,False,False,False,False,0,True,0.53725475,0.7784773,0.78468615,0.64763564,0.98810387,0.91588765,0.99999076,-5.022552,-5.36453,0.9225661,0.7538629,55.18453427065027,88.11950790861161,1.0,1.0,0.4,2.4
similar_to_24965990_137634720,DORA_analog,137634720,C22H19ClN6O2,434.9,"[(3aR,6aS)-2-(5-chloro-1,3-benzoxazol-2-yl)-1,3,3a,4,6,6a-hexahydropyrrolo[3,4-c]pyrrol-5-yl]-[2-(triazol-2-yl)phenyl]methanone",C1C2CN(CC2CN1C3=NC4=C(O3)C=CC(=C4)Cl)C(=O)C5=CC=CC=C5N6N=CC=N6,C1[C@@H]2CN(C[C@@H]2CN1C3=NC4=C(O3)C=CC(=C4)Cl)C(=O)C5=CC=CC=C5N6N=CC=N6,4.0,0,6,3,80.3,434.1258016,0,False,False,False,False,False,False,0,True,0.34838706,0.8586914,0.7863222,0.24391694,0.97393024,0.88384485,0.99998844,-4.854725,-5.671641,0.9358908,0.83749914,62.95254833040423,85.30755711775045,1.0,1.0,0.7,2.7
similar_to_24965990_137636340,DORA_analog,137636340,C24H24N6O2,428.5,"[(3aR,6aS)-2-(5-methyl-1,3-benzoxazol-2-yl)-1,3,3a,4,6,6a-hexahydropyrrolo[3,4-c]pyrrol-5-yl]-[5-methyl-2-(triazol-2-yl)phenyl]methanone",CC1=CC(=C(C=C1)N2N=CC=N2)C(=O)N3CC4CN(CC4C3)C5=NC6=C(O5)C=CC(=C6)C,CC1=CC(=C(C=C1)N2N=CC=N2)C(=O)N3C[C@H]4CN(C[C@H]4C3)C5=NC6=C(O5)C=CC(=C6)C,4.1,0,6,3,80.3,428.19607403,0,False,False,False,False,False,False,0,True,0.47636575,0.88070744,0.84318715,0.15631506,0.98923194,0.92999774,0.9999958,-5.0009384,-5.8415804,0.92908084,0.82783127,66.01054481546574,89.66608084358525,1.0,0.5,0.7,2.2
similar_to_24965990_137638805,DORA_analog,137638805,C23H21FN6O2,432.4,"[(3aR,6aS)-2-(5-fluoro-1,3-benzoxazol-2-yl)-1,3,3a,4,6,6a-hexahydropyrrolo[3,4-c]pyrrol-5-yl]-[5-methyl-2-(triazol-2-yl)phenyl]methanone",CC1=CC(=C(C=C1)N2N=CC=N2)C(=O)N3CC4CN(CC4C3)C5=NC6=C(O5)C=CC(=C6)F,CC1=CC(=C(C=C1)N2N=CC=N2)C(=O)N3C[C@H]4CN(C[C@H]4C3)C5=NC6=C(O5)C=CC(=C6)F,3.9,0,7,3,80.3,432.1710021,0,False,False,False,False,False,False,0,True,0.48082027,0.88275194,0.841296,0.16794972,0.9827372,0.91785467,0.9999941,-4.830619,-5.8616858,0.92594033,0.7735555,66.29173989455185,88.36555360281196,1.0,1.0,0.7,2.7
similar_to_24965990_137641369,DORA_analog,137641369,C22H18ClFN6O2,452.9,"[(3aS,6aR)-2-(5-chloro-1,3-benzoxazol-2-yl)-1,3,3a,4,6,6a-hexahydropyrrolo[3,4-c]pyrrol-5-yl]-[5-fluoro-2-(triazol-2-yl)phenyl]methanone",C1C2CN(CC2CN1C3=NC4=C(O3)C=CC(=C4)Cl)C(=O)C5=C(C=CC(=C5)F)N6N=CC=N6,C1[C@@H]2CN(C[C@@H]2CN1C3=NC4=C(O3)C=CC(=C4)Cl)C(=O)C5=C(C=CC(=C5)F)N6N=CC=N6,4.1,0,7,3,80.3,452.1163797,0,False,False,False,False,False,False,0,True,0.3761809,0.8450966,0.786808,0.21689835,0.9764714,0.8813931,0.9999875,-4.799432,-5.7926826,0.9402262,0.850464,61.86291739894553,85.27240773286468,0.5,0.5,0.7,1.7
similar_to_24965990_137642484,DORA_analog,137642484,C23H19ClF2N6O2,484.9,"[(3aS,6aR)-2-(5-chloro-1,3-benzoxazol-2-yl)-3a,6a-difluoro-1,3,4,6-tetrahydropyrrolo[3,4-c]pyrrol-5-yl]-[5-methyl-2-(triazol-2-yl)phenyl]methanone",CC1=CC(=C(C=C1)N2N=CC=N2)C(=O)N3CC4(CN(CC4(C3)F)C5=NC6=C(O5)C=CC(=C6)Cl)F,CC1=CC(=C(C=C1)N2N=CC=N2)C(=O)N3C[C@@]4(CN(C[C@@]4(C3)F)C5=NC6=C(O5)C=CC(=C6)Cl)F,4.4,0,8,3,80.3,484.1226079,0,False,False,False,False,False,False,0,True,0.49947777,0.8418765,0.8365383,0.12098865,0.9860016,0.90421706,0.999976,-4.958165,-6.239284,0.9347323,0.8270154,61.44112478031635,87.17047451669596,0.5,0.5,0.7,1.7
similar_to_24965990_137647371,DORA_analog,137647371,C23H18ClF3N6O3,518.9,"[(3aS,6aR)-2-(5-chloro-1,3-benzoxazol-2-yl)-1,3,3a,4,6,6a-hexahydropyrrolo[3,4-c]pyrrol-5-yl]-[2-(triazol-2-yl)-5-(trifluoromethoxy)phenyl]methanone",C1C2CN(CC2CN1C3=NC4=C(O3)C=CC(=C4)Cl)C(=O)C5=C(C=CC(=C5)OC(F)(F)F)N6N=CC=N6,C1[C@@H]2CN(C[C@@H]2CN1C3=NC4=C(O3)C=CC(=C4)Cl)C(=O)C5=C(C=CC(=C5)OC(F)(F)F)N6N=CC=N6,5.2,0,10,4,89.5,518.1081006,0,True,True,False,False,False,False,2,False,0.2608058,0.77511764,0.79997796,0.15368062,0.9697119,0.86426896,0.9999855,-4.8998528,-6.2348404,0.96319693,0.90790385,54.93848857644992,83.79613356766258,0.5,0.0,0.7,1.2
similar_to_24965990_137649834,DORA_analog,137649834,C23H21ClN6O2,448.9,"[(3aR,6aS)-2-(5-chloro-1,3-benzoxazol-2-yl)-1,3,3a,4,6,6a-hexahydropyrrolo[3,4-c]pyrrol-5-yl]-[5-methyl-2-(triazol-2-yl)phenyl]methanone",CC1=CC(=C(C=C1)N2N=CC=N2)C(=O)N3CC4CN(CC4C3)C5=NC6=C(O5)C=CC(=C6)Cl,CC1=CC(=C(C=C1)N2N=CC=N2)C(=O)N3C[C@H]4CN(C[C@H]4C3)C5=NC6=C(O5)C=CC(=C6)Cl,4.4,0,6,3,80.3,448.1414516,0,False,False,False,False,False,False,0,True,0.41785106,0.86449254,0.8293582,0.24772255,0.9853255,0.9321003,0.99999225,-4.9509077,-6.093402,0.9387113,0.858984,63.58523725834799,90.01757469244289,1.0,0.5,0.7,2.2
similar_to_24965990_137652411,DORA_analog,137652411,C23H22N6O2,414.5,"[(3aR,6aS)-2-(1,3-benzoxazol-2-yl)-1,3,3a,4,6,6a-hexahydropyrrolo[3,4-c]pyrrol-5-yl]-[5-methyl-2-(triazol-2-yl)phenyl]methanone",CC1=CC(=C(C=C1)N2N=CC=N2)C(=O)N3CC4CN(CC4C3)C5=NC6=CC=CC=C6O5,CC1=CC(=C(C=C1)N2N=CC=N2)C(=O)N3C[C@H]4CN(C[C@H]4C3)C5=NC6=CC=CC=C6O5,3.8,0,6,3,80.3,414.18042397,0,False,False,False,False,False,False,0,True,0.46283245,0.8907933,0.8392865,0.1627225,0.9764062,0.913335,0.99999446,-4.919154,-5.6914473,0.91879225,0.75523627,67.38137082601055,87.76801405975397,1.0,1.0,0.7,2.7
similar_to_24965990_137657078,DORA_analog,137657078,C23H21ClN6O2,448.9,"[5-(5-chloro-1,3-benzoxazol-2-yl)-2,3,3a,4,6,6a-hexahydropyrrolo[2,3-c]pyrrol-1-yl]-[5-methyl-2-(triazol-2-yl)phenyl]methanone",CC1=CC(=C(C=C1)N2N=CC=N2)C(=O)N3CCC4C3CN(C4)C5=NC6=C(O5)C=CC(=C6)Cl,CC1=CC(=C(C=C1)N2N=CC=N2)C(=O)N3CCC4C3CN(C4)C5=NC6=C(O5)C=CC(=C6)Cl,4.6,0,6,3,80.3,448.1414516,0,False,False,False,False,False,False,0,True,0.088154696,0.8480867,0.7666448,0.22860059,0.98498404,0.86109954,0.9999979,-4.9437385,-6.0583725,0.9636324,0.88905114,62.17926186291741,83.55008787346222,1.0,0.5,0.7,2.2
similar_to_24965990_137657849,DORA_analog,137657849,C24H23ClN6O2,462.9,"[2-(5-chloro-1,3-benzoxazol-2-yl)-3a-methyl-3,4,6,6a-tetrahydro-1H-pyrrolo[3,4-c]pyrrol-5-yl]-[5-methyl-2-(triazol-2-yl)phenyl]methanone",CC1=CC(=C(C=C1)N2N=CC=N2)C(=O)N3CC4CN(CC4(C3)C)C5=NC6=C(O5)C=CC(=C6)Cl,CC1=CC(=C(C=C1)N2N=CC=N2)C(=O)N3CC4CN(CC4(C3)C)C5=NC6=C(O5)C=CC(=C6)Cl,4.8,0,6,3,80.3,462.1571017,0,False,False,False,False,False,False,0,True,0.17395683,0.87078273,0.79602015,0.21349952,0.9851122,0.90469074,0.99999696,-4.9513283,-6.0180664,0.950714,0.88343775,64.49912126537787,87.20562390158173,0.5,0.5,0.7,1.7
similar_to_24965990_137658206,DORA_analog,137658206,C23H20F2N6O2,450.4,"[(3aS,6aR)-2-(1,3-benzoxazol-2-yl)-3a,6a-difluoro-1,3,4,6-tetrahydropyrrolo[3,4-c]pyrrol-5-yl]-[5-methyl-2-(triazol-2-yl)phenyl]methanone",CC1=CC(=C(C=C1)N2N=CC=N2)C(=O)N3CC4(CN(CC4(C3)F)C5=NC6=CC=CC=C6O5)F,CC1=CC(=C(C=C1)N2N=CC=N2)C(=O)N3C[C@@]4(CN(C[C@@]4(C3)F)C5=NC6=CC=CC=C6O5)F,3.7,0,8,3,80.3,450.16158023,0,False,False,False,False,False,False,0,True,0.5485393,0.8721037,0.84542006,0.07078551,0.9778488,0.8748644,0.9999822,-4.939457,-5.8478537,0.91729754,0.7135137,64.56942003514939,84.60456942003516,0.5,1.0,0.7,2.2
similar_to_24965990_137658775,DORA_analog,137658775,C23H21ClN6O3,464.9,"[(3aR,6aS)-2-(5-chloro-1,3-benzoxazol-2-yl)-1,3,3a,4,6,6a-hexahydropyrrolo[3,4-c]pyrrol-5-yl]-[5-methoxy-2-(triazol-2-yl)phenyl]methanone",COC1=CC(=C(C=C1)N2N=CC=N2)C(=O)N3CC4CN(CC4C3)C5=NC6=C(O5)C=CC(=C6)Cl,COC1=CC(=C(C=C1)N2N=CC=N2)C(=O)N3C[C@H]4CN(C[C@H]4C3)C5=NC6=C(O5)C=CC(=C6)Cl,4.0,0,7,4,89.5,464.1363662,0,False,False,False,False,False,False,0,True,0.43615183,0.8307406,0.83477,0.21659955,0.98974216,0.9384076,0.99999344,-4.917574,-6.071921,0.9484459,0.85691965,60.421792618629176,91.28295254833041,0.5,1.0,0.7,2.2
similar_to_24965990_137659457,DORA_analog,137659457,C24H21F3N6O2,482.5,"[(3aR,6aS)-2-[5-(trifluoromethyl)-1,3-benzoxazol-2-yl]-1,3,3a,4,6,6a-hexahydropyrrolo[3,4-c]pyrrol-5-yl]-[5-methyl-2-(triazol-2-yl)phenyl]methanone",CC1=CC(=C(C=C1)N2N=CC=N2)C(=O)N3CC4CN(CC4C3)C5=NC6=C(O5)C=CC(=C6)C(F)(F)F,CC1=CC(=C(C=C1)N2N=CC=N2)C(=O)N3C[C@H]4CN(C[C@H]4C3)C5=NC6=C(O5)C=CC(=C6)C(F)(F)F,4.7,0,9,3,80.3,482.16780842,0,False,False,False,False,False,False,0,True,0.38501734,0.8550741,0.8483839,0.15083157,0.99021435,0.938739,0.99999535,-5.008189,-5.894741,0.9386328,0.8945669,62.601054481546576,91.31810193321617,0.5,0.5,0.7,1.7
similar_to_24965990_156898568,DORA_analog,156898568,C24H22ClN7O2,475.9,"2-(1,3-benzoxazol-2-ylamino)-4-(2-chlorophenyl)-6-methyl-N-[(1-methylpyrazol-4-yl)methyl]-1,4-dihydropyrimidine-5-carboxamide",CC1=C(C(N=C(N1)NC2=NC3=CC=CC=C3O2)C4=CC=CC=C4Cl)C(=O)NCC5=CN(N=C5)C,CC1=C(C(N=C(N1)NC2=NC3=CC=CC=C3O2)C4=CC=CC=C4Cl)C(=O)NCC5=CN(N=C5)C,2.7,3,5,6,109.0,475.1523507,0,False,False,False,False,False,False,0,True,0.073921405,0.5301895,0.8028582,0.5559429,0.97892416,0.9518243,0.9998706,-5.2688646,-4.7538323,0.94780904,0.8931203,34.97363796133568,92.86467486818981,0.5,1.0,0.4,1.9
similar_to_154617563_137460733,agonist_analog,137460733,C22H25F3N2O4S,470.5,"N-[(2S,3S)-2-[[3-(3,5-difluorophenyl)-2-fluorophenyl]methyl]-1-(2-hydroxy-2-methylpropanoyl)pyrrolidin-3-yl]methanesulfonamide",CC(C)(C(=O)N1CCC(C1CC2=C(C(=CC=C2)C3=CC(=CC(=C3)F)F)F)NS(=O)(=O)C)O,CC(C)(C(=O)N1CC[C@@H]([C@@H]1CC2=C(C(=CC=C2)C3=CC(=CC(=C3)F)F)F)NS(=O)(=O)C)O,2.9,2,8,6,95.1,470.14871294,0,False,False,False,False,False,False,0,True,0.71072376,0.8617093,0.7974374,0.3600373,0.9613725,0.9069766,0.9991342,-4.5918303,-3.6879516,0.78912604,0.8745928,63.057996485061516,87.48681898066785,0.5,1.0,0.4,1.9
similar_to_154617563_137460654,agonist_analog,137460654,C23H26F2N2O3S,448.5,"N-[(2R,3R)-1-(cyclobutanecarbonyl)-2-[[3-fluoro-5-(3-fluorophenyl)phenyl]methyl]pyrrolidin-3-yl]methanesulfonamide",CS(=O)(=O)NC1CCN(C1CC2=CC(=CC(=C2)F)C3=CC(=CC=C3)F)C(=O)C4CCC4,CS(=O)(=O)N[C@@H]1CCN([C@@H]1CC2=CC(=CC(=C2)F)C3=CC(=CC=C3)F)C(=O)C4CCC4,3.9,1,6,6,74.9,448.16322019,0,False,False,False,False,False,False,0,True,0.8379564,0.95866203,0.7701584,0.3895136,0.95764196,0.91669595,0.99991024,-4.5879035,-4.842238,0.7271589,0.8868,80.98418277680142,88.26010544815466,1.0,1.0,0.7,2.7
similar_to_154617563_137460655,agonist_analog,137460655,C23H26F2N2O3S,448.5,"N-[(2S,3S)-1-(cyclobutanecarbonyl)-2-[[3-fluoro-5-(3-fluorophenyl)phenyl]methyl]pyrrolidin-3-yl]methanesulfonamide",CS(=O)(=O)NC1CCN(C1CC2=CC(=CC(=C2)F)C3=CC(=CC=C3)F)C(=O)C4CCC4,CS(=O)(=O)N[C@H]1CCN([C@H]1CC2=CC(=CC(=C2)F)C3=CC(=CC=C3)F)C(=O)C4CCC4,3.9,1,6,6,74.9,448.16322019,0,False,False,False,False,False,False,0,True,0.82896346,0.958042,0.82599795,0.37400812,0.9508921,0.9239669,0.99991447,-4.5809684,-4.6501155,0.74370414,0.8635055,80.63268892794378,88.92794376098419,1.0,1.0,0.7,2.7
similar_to_154617563_137460656,agonist_analog,137460656,C23H26F2N2O3S,448.5,N-[1-(cyclobutanecarbonyl)-2-[[3-fluoro-5-(3-fluorophenyl)phenyl]methyl]pyrrolidin-3-yl]methanesulfonamide,CS(=O)(=O)NC1CCN(C1CC2=CC(=CC(=C2)F)C3=CC(=CC=C3)F)C(=O)C4CCC4,CS(=O)(=O)NC1CCN(C1CC2=CC(=CC(=C2)F)C3=CC(=CC=C3)F)C(=O)C4CCC4,3.9,1,6,6,74.9,448.16322019,0,False,False,False,False,False,False,0,True,0.53734237,0.94297475,0.73721755,0.32850143,0.96865666,0.8983413,0.99996775,-4.616986,-4.4850388,0.7952387,0.89086133,76.41476274165203,86.5377855887522,1.0,1.0,0.7,2.7
similar_to_154617563_137460691,agonist_analog,137460691,C25H28F2N2O4S,490.6,"N-[(2S,3S)-2-[[2-fluoro-3-(3-fluorophenyl)phenyl]methyl]-1-(1-hydroxycyclobutanecarbonyl)pyrrolidin-3-yl]cyclopropanesulfonamide",C1CC(C1)(C(=O)N2CCC(C2CC3=C(C(=CC=C3)C4=CC(=CC=C4)F)F)NS(=O)(=O)C5CC5)O,C1CC(C1)(C(=O)N2CC[C@@H]([C@@H]2CC3=C(C(=CC=C3)C4=CC(=CC=C4)F)F)NS(=O)(=O)C5CC5)O,3.5,2,7,7,95.1,490.17378488,0,False,False,False,False,False,False,0,True,0.8163419,0.92991257,0.68359435,0.27422696,0.96163905,0.8963561,0.9998535,-4.708564,-4.4908705,0.5902721,0.8816355,73.74340949033393,86.46748681898067,0.5,1.0,0.4,1.9
similar_to_154617563_137460720,agonist_analog,137460720,C23H26F2N2O4S,464.5,"N-[(2S,3S)-2-[[2-fluoro-3-(3-fluorophenyl)phenyl]methyl]-1-(1-hydroxycyclobutanecarbonyl)pyrrolidin-3-yl]methanesulfonamide",CS(=O)(=O)NC1CCN(C1CC2=C(C(=CC=C2)C3=CC(=CC=C3)F)F)C(=O)C4(CCC4)O,CS(=O)(=O)N[C@H]1CCN([C@H]1CC2=C(C(=CC=C2)C3=CC(=CC=C3)F)F)C(=O)C4(CCC4)O,2.9,2,7,6,95.1,464.15813481,0,False,False,False,False,False,False,0,True,0.8387076,0.9320186,0.80617416,0.29671046,0.95327026,0.9084114,0.9997668,-4.750142,-3.7949264,0.72152,0.85433924,74.09490333919157,87.5219683655536,0.5,1.0,0.4,1.9
similar_to_154617563_137460777,agonist_analog,137460777,C24H27F3N2O3S,480.5,"N-[(2S,3S)-1-(cyclobutanecarbonyl)-2-[[2,5-difluoro-3-(3-fluorophenyl)phenyl]methyl]pyrrolidin-3-yl]ethanesulfonamide",CCS(=O)(=O)NC1CCN(C1CC2=C(C(=CC(=C2)F)C3=CC(=CC=C3)F)F)C(=O)C4CCC4,CCS(=O)(=O)N[C@H]1CCN([C@H]1CC2=C(C(=CC(=C2)F)C3=CC(=CC=C3)F)F)C(=O)C4CCC4,4.3,1,7,7,74.9,480.16944839,0,False,False,False,False,False,False,0,True,0.8007204,0.9404205,0.7482923,0.3408776,0.96654576,0.9284595,0.9998719,-4.441528,-5.0807276,0.65300393,0.87498426,75.81722319859404,89.38488576449913,0.5,0.5,0.7,1.7
similar_to_154617563_137460794,agonist_analog,137460794,C23H27FN2O4S,446.5,"N-[(2S,3S)-2-[[3-(3-fluorophenyl)phenyl]methyl]-1-(1-hydroxycyclobutanecarbonyl)pyrrolidin-3-yl]methanesulfonamide",CS(=O)(=O)NC1CCN(C1CC2=CC(=CC=C2)C3=CC(=CC=C3)F)C(=O)C4(CCC4)O,CS(=O)(=O)N[C@H]1CCN([C@H]1CC2=CC(=CC=C2)C3=CC(=CC=C3)F)C(=O)C4(CCC4)O,2.8,2,6,6,95.1,446.16755668,0,False,False,False,False,False,False,0,True,0.8709777,0.92933905,0.81462634,0.28770602,0.9291506,0.8978914,0.99968785,-4.8767657,-3.8893204,0.7373133,0.83421564,73.70826010544816,86.5377855887522,1.0,1.0,0.4,2.4
similar_to_154617563_137460817,agonist_analog,137460817,C23H27F3N2O4S,484.5,"N-[(2S,3S)-2-[[3-(3,5-difluorophenyl)-2-fluorophenyl]methyl]-1-(2-hydroxy-2-methylpropanoyl)pyrrolidin-3-yl]ethanesulfonamide",CCS(=O)(=O)NC1CCN(C1CC2=C(C(=CC=C2)C3=CC(=CC(=C3)F)F)F)C(=O)C(C)(C)O,CCS(=O)(=O)N[C@H]1CCN([C@H]1CC2=C(C(=CC=C2)C3=CC(=CC(=C3)F)F)F)C(=O)C(C)(C)O,3.3,2,8,7,95.1,484.16436301,0,False,False,False,False,False,False,0,True,0.7306406,0.8034663,0.7621727,0.329801,0.9560633,0.91007483,0.9977892,-4.514848,-4.089692,0.7226385,0.86761665,57.57469244288225,87.66256590509667,0.5,1.0,0.4,1.9
similar_to_154617563_137460824,agonist_analog,137460824,C20H22F2N2O4S,424.5,"(2S,3S)-3-(ethylsulfonylamino)-2-[[2-fluoro-3-(3-fluorophenyl)phenyl]methyl]pyrrolidine-1-carboxylic acid",CCS(=O)(=O)NC1CCN(C1CC2=C(C(=CC=C2)C3=CC(=CC=C3)F)F)C(=O)O,CCS(=O)(=O)N[C@H]1CCN([C@H]1CC2=C(C(=CC=C2)C3=CC(=CC=C3)F)F)C(=O)O,3.3,2,7,6,95.1,424.12683468,0,False,False,False,False,False,False,0,True,0.63091296,0.6080257,0.87058485,0.10924659,0.21132298,0.4586739,0.9330467,-5.0704603,-3.4300144,0.8149859,0.3129731,40.73813708260106,60.52724077328647,1.0,1.0,0.4,2.4
similar_to_154617563_137460839,agonist_analog,137460839,C22H26F3N3O3S,469.5,"(2S,3S)-2-[[3-(3,5-difluorophenyl)-2-fluorophenyl]methyl]-3-(ethylsulfonylamino)-N,N-dimethylpyrrolidine-1-carboxamide",CCS(=O)(=O)NC1CCN(C1CC2=C(C(=CC=C2)C3=CC(=CC(=C3)F)F)F)C(=O)N(C)C,CCS(=O)(=O)N[C@H]1CCN([C@H]1CC2=C(C(=CC=C2)C3=CC(=CC(=C3)F)F)F)C(=O)N(C)C,3.4,1,7,6,78.1,469.16469736,0,False,False,False,False,False,False,0,True,0.76499426,0.8492104,0.84076726,0.28943115,0.8803849,0.90107405,0.99760836,-4.5340676,-4.11901,0.71017104,0.73841196,62.21441124780317,86.81898066783832,0.5,1.0,0.7,2.2
similar_to_154617563_137460853,agonist_analog,137460853,C22H24F2N2O3S,434.5,"N-[(2R,3R)-1-(2,2-difluorocyclopropanecarbonyl)-2-[(3-phenylphenyl)methyl]pyrrolidin-3-yl]methanesulfonamide",CS(=O)(=O)NC1CCN(C1CC2=CC(=CC=C2)C3=CC=CC=C3)C(=O)C4CC4(F)F,CS(=O)(=O)N[C@@H]1CCN([C@@H]1CC2=CC(=CC=C2)C3=CC=CC=C3)C(=O)C4CC4(F)F,3.4,1,6,6,74.9,434.14757013,0,False,False,False,False,False,False,0,True,0.8107937,0.9425257,0.80503404,0.15694386,0.9145843,0.81205875,0.99986374,-4.81514,-4.3182993,0.7990297,0.83751565,76.27416520210897,80.07029876977154,1.0,1.0,0.7,2.7
similar_to_154617563_137460856,agonist_analog,137460856,C22H24F2N2O3S,434.5,"N-[(2S,3S)-1-(2,2-difluorocyclopropanecarbonyl)-2-[(3-phenylphenyl)methyl]pyrrolidin-3-yl]methanesulfonamide",CS(=O)(=O)NC1CCN(C1CC2=CC(=CC=C2)C3=CC=CC=C3)C(=O)C4CC4(F)F,CS(=O)(=O)N[C@H]1CCN([C@H]1CC2=CC(=CC=C2)C3=CC=CC=C3)C(=O)C4CC4(F)F,3.4,1,6,6,74.9,434.14757013,0,False,False,False,False,False,False,0,True,0.7823726,0.945405,0.86248636,0.14881065,0.88505775,0.82154816,0.99988806,-4.80729,-4.104384,0.8172245,0.7898637,77.29349736379613,80.77328646748683,1.0,1.0,0.7,2.7
similar_to_154617563_137460857,agonist_analog,137460857,C22H24F2N2O3S,434.5,"N-[1-(2,2-difluorocyclopropanecarbonyl)-2-[(3-phenylphenyl)methyl]pyrrolidin-3-yl]methanesulfonamide",CS(=O)(=O)NC1CCN(C1CC2=CC(=CC=C2)C3=CC=CC=C3)C(=O)C4CC4(F)F,CS(=O)(=O)NC1CCN(C1CC2=CC(=CC=C2)C3=CC=CC=C3)C(=O)C4CC4(F)F,3.4,1,6,6,74.9,434.14757013,0,False,False,False,False,False,False,0,True,0.46311182,0.91666985,0.7873457,0.0984791,0.90328205,0.74321437,0.9999546,-4.8478518,-3.9515889,0.86882365,0.8114484,71.42355008787347,74.90333919156416,1.0,1.0,0.7,2.7
similar_to_154617563_137460862,agonist_analog,137460862,C21H22F2N2O4S,436.5,"(2S,3S)-3-(cyclopropylsulfonylamino)-2-[[2-fluoro-3-(3-fluorophenyl)phenyl]methyl]pyrrolidine-1-carboxylic acid",C1CC1S(=O)(=O)NC2CCN(C2CC3=C(C(=CC=C3)C4=CC(=CC=C4)F)F)C(=O)O,C1CN([C@H]([C@H]1NS(=O)(=O)C2CC2)CC3=C(C(=CC=C3)C4=CC(=CC=C4)F)F)C(=O)O,3.5,2,7,6,95.1,436.12683468,0,False,False,False,False,False,False,0,True,0.67681724,0.61563987,0.84112805,0.10835787,0.37142158,0.5181772,0.9608165,-5.0718436,-3.547826,0.8117634,0.46967205,41.40597539543058,63.79613356766257,1.0,1.0,0.4,2.4
similar_to_154617563_137460871,agonist_analog,137460871,C23H27F3N2O4S,484.5,"1-fluoro-N-[(2S,3S)-2-[[2-fluoro-3-(3-fluorophenyl)phenyl]methyl]-1-(2-hydroxy-2-methylpropanoyl)pyrrolidin-3-yl]ethanesulfonamide",CC(F)S(=O)(=O)NC1CCN(C1CC2=C(C(=CC=C2)C3=CC(=CC=C3)F)F)C(=O)C(C)(C)O,CC(F)S(=O)(=O)N[C@H]1CCN([C@H]1CC2=C(C(=CC=C2)C3=CC(=CC=C3)F)F)C(=O)C(C)(C)O,3.7,2,8,7,95.1,484.16436301,0,False,False,False,False,False,False,0,True,0.74435484,0.82863826,0.7353612,0.45315537,0.9664103,0.9261055,0.998988,-4.7263694,-4.2318864,0.7371315,0.9028512,60.281195079086125,89.24428822495607,0.5,1.0,0.4,1.9
similar_to_154617563_137460876,agonist_analog,137460876,C22H25F3N2O3S,454.5,"N-[(2R,3R)-2-[(3-phenylphenyl)methyl]-1-(3,3,3-trifluoro-2-methylpropanoyl)pyrrolidin-3-yl]methanesulfonamide",CC(C(=O)N1CCC(C1CC2=CC(=CC=C2)C3=CC=CC=C3)NS(=O)(=O)C)C(F)(F)F,CC(C(=O)N1CC[C@H]([C@H]1CC2=CC(=CC=C2)C3=CC=CC=C3)NS(=O)(=O)C)C(F)(F)F,4.3,1,7,6,74.9,454.15379832,0,False,False,False,False,False,False,0,True,0.61085665,0.9349679,0.79826367,0.19773932,0.93981206,0.8534322,0.99990493,-4.812838,-4.3884377,0.78699696,0.87623197,74.79789103690686,83.02284710017575,0.5,0.5,0.7,1.7
similar_to_154617563_137460877,agonist_analog,137460877,C22H25F3N2O3S,454.5,"N-[(2S,3S)-2-[(3-phenylphenyl)methyl]-1-(3,3,3-trifluoro-2-methylpropanoyl)pyrrolidin-3-yl]methanesulfonamide",CC(C(=O)N1CCC(C1CC2=CC(=CC=C2)C3=CC=CC=C3)NS(=O)(=O)C)C(F)(F)F,CC(C(=O)N1CC[C@@H]([C@@H]1CC2=CC(=CC=C2)C3=CC=CC=C3)NS(=O)(=O)C)C(F)(F)F,4.3,1,7,6,74.9,454.15379832,0,False,False,False,False,False,False,0,True,0.6143412,0.937229,0.80333394,0.19610156,0.9461624,0.8516399,0.99992883,-4.8889914,-4.132585,0.78103006,0.86632526,75.32513181019333,82.95254833040423,0.5,0.5,0.7,1.7
similar_to_154617563_137460878,agonist_analog,137460878,C22H25F3N2O3S,454.5,"N-[2-[(3-phenylphenyl)methyl]-1-(3,3,3-trifluoro-2-methylpropanoyl)pyrrolidin-3-yl]methanesulfonamide",CC(C(=O)N1CCC(C1CC2=CC(=CC=C2)C3=CC=CC=C3)NS(=O)(=O)C)C(F)(F)F,CC(C(=O)N1CCC(C1CC2=CC(=CC=C2)C3=CC=CC=C3)NS(=O)(=O)C)C(F)(F)F,4.3,1,7,6,74.9,454.15379832,0,False,False,False,False,False,False,0,True,0.2461596,0.89824355,0.73342264,0.15041551,0.94909495,0.7845217,0.99996984,-4.8916545,-4.004948,0.84871256,0.85924166,68.29525483304043,77.85588752196837,0.5,0.5,0.7,1.7
